video_id,filename,start_time,end_time,behaviour,risk,camera,evidence_type,notes
V001,Dock_level__dragging_cupboard.mp4,11.0,22.0,dragging,HIGH,Dock 09 inside,burned-in caption,"Tall carton (cupboard) moved/dragged across dock threshold; caption reads 'Uneven dock level due to absence of a leveler' - root cause is dock infrastructure not just handling"
V002,KD_packets_dragged__heavy_box_kept_on_other_packets.mp4,0.0,14.0,improper_stacking,MEDIUM,Dock 09 inside,visual (no caption seen in sample),"Heavy strapped box stacked directly on top of flat KD (knock-down/flat-pack) panel packets"
V002,KD_packets_dragged__heavy_box_kept_on_other_packets.mp4,22.0,27.0,dragging,HIGH,Dock 09 inside,burred-in arrow overlay,"Flat KD packets pulled/slid down at an angle off truck bed rather than lifted"
V003,Rolling_and_dragging_on_wet_floor.mp4,0.0,6.1,dragging,HIGH,Dock 08 out 01 / Dock 07 inside (split screen),burned-in caption 'rolling carton',"Carton tilted onto edge and rolled off truck onto visibly wet/reflective floor - short clip, single continuous action"
V004,Rolling_and_dropping_carton.mp4,0.0,9.4,dropping,HIGH,Dock 09 inside,"burned-in caption 'Rolling and dropping the carton'","Carton rolled on edge then dropped near pallet stack, security guard present in frame"
V005,Stepping_on_cartons__vertical_product_kept_horizontally__heavy_product_kept_on_top.mp4,2.5,5.0,improper_stacking,MEDIUM,Dock 10 out 02,"burned-in caption 'Vertical product kept horizontally'","Product meant to stand upright is laid flat"
V005,Stepping_on_cartons__vertical_product_kept_horizontally__heavy_product_kept_on_top.mp4,13.0,24.0,stepping_on_carton,HIGH,Dock 10 out 02,"burned-in caption 'stepping on cartons while loading' / 'stepping on cartons'","Worker foot contact on carton while loading truck, recurs across most of clip"
V005,Stepping_on_cartons__vertical_product_kept_horizontally__heavy_product_kept_on_top.mp4,23.5,26.0,dropping,HIGH,Dock 10 out 02,"burned-in caption 'dropped heavy carton on another carton'","Combines dropping + improper stacking - heavy carton dropped directly onto another carton"
V005,Stepping_on_cartons__vertical_product_kept_horizontally__heavy_product_kept_on_top.mp4,31.0,45.5,stepping_on_carton,HIGH,Dock 10 out 02,"burned-in caption 'stepping on cartons'","Second/continued stepping-on-carton instance later in clip"
V006,Throwing_Mattresses.mp4,8.0,32.0,throwing,HIGH,Dock 10 out 01,"burned-in caption 'Throwing mattresses on top of each other'","Repeated action - mattresses pushed/thrown into truck one after another across most of the clip"
